{"r2_score": 0.9906903356046712, "MSE": 1062.0475112615075, "MAPE": 0.02978144681671153}