{"r2_score": 0.9943486950798892, "MSE": 382.584806864738, "MAPE": 0.015983702957883473}